
	<!DOCTYPE project [
		<!ELEMENT project (objectids-table | current-scenario | duration | aggregation-period | truncated-mean | percentile)* >
	
		<!ELEMENT objectids-table (objectids-entry)* >
		<!ELEMENT objectids-entry (#PCDATA)>
		<!ELEMENT duration (#PCDATA)>
		<!ELEMENT truncated-mean (#PCDATA)>
		<!ELEMENT percentile (#PCDATA)>
		<!ELEMENT aggregation-period (#PCDATA)>
		<!ELEMENT current-scenario (#PCDATA)>
		<!ATTLIST duration
		    value CDATA #REQUIRED>
	    <!ATTLIST aggregation-period
		    value CDATA #REQUIRED>
		<!ATTLIST objectids-entry
		    objectid CDATA #REQUIRED
		    type CDATA #REQUIRED
		    value CDATA #REQUIRED
		    key CDATA #REQUIRED>
		<!ATTLIST truncated-mean
		    centered-interval CDATA #REQUIRED
		    percentage CDATA #REQUIRED>
		 <!ATTLIST percentile
		    percentage CDATA #REQUIRED>
	]>


<!--****** RUNTIME PROJECT ******--><project>
<!--****** CURRENT SCENARIO ******-->
<current-scenario>scenario1</current-scenario>
<!--****** OBJECTIDS ******-->
<objectids-table>
<objectids-entry key="" objectid="0" type="LG_HOST" value="localhost:7100"/>
<objectids-entry key="" objectid="1" type="ZONE" value="Default zone"/>
<objectids-entry key="Default zone¤Population1¤" objectid="2" type="POPULATION" value="Population1"/>
<objectids-entry key="Default zone¤Population1¤MyDemo1" objectid="3" type="VIRTUAL_USER" value="MyDemo1"/>
<objectids-entry key="Default zone¤Population1¤MyDemo1" objectid="4" type="BASIC_LOGICAL_CONTAINER" value="$parent=MyDemo1;$index=0"/>
<objectids-entry key="Default zone¤Population1¤MyDemo1" objectid="5" type="BASIC_LOGICAL_CONTAINER" value="cf803812-74db-4aeb-801e-9fcd217ae705"/>
<objectids-entry key="Default zone¤Population1¤MyDemo1" objectid="6" type="HTTP_PAGE" value="94d3234e-3984-442b-ae8e-b4514a99e2cf"/>
<objectids-entry key="Default zone¤Population1¤MyDemo1" objectid="7" type="ACTION" value="6729dc9e-05f6-49aa-94a1-6b2639c865d8"/>
<objectids-entry key="Default zone¤Population1¤MyDemo1" objectid="8" type="ACTION" value="a83ceeb7-bf36-4e5a-abcc-d09bcd060acd"/>
<objectids-entry key="Default zone¤Population1¤MyDemo1" objectid="9" type="ACTION" value="2a083dcc-d3fb-4f32-b651-a3b3a47a2cd1"/>
<objectids-entry key="Default zone¤Population1¤MyDemo1" objectid="10" type="HTTP_PAGE" value="5940250d-0380-4167-a7a7-89e176a2ea7b"/>
<objectids-entry key="Default zone¤Population1¤MyDemo1" objectid="11" type="ACTION" value="38269175-9cd2-4d41-b443-c0b95d82f78e"/>
<objectids-entry key="Default zone¤Population1¤MyDemo1" objectid="12" type="ACTION" value="93eea1a7-6d72-487b-acd8-d52c17cfdee9"/>
<objectids-entry key="Default zone¤Population1¤MyDemo1" objectid="13" type="ACTION" value="c1897ae3-bdb5-4371-b7c0-dabdd3b5b347"/>
<objectids-entry key="Default zone¤Population1¤MyDemo1" objectid="14" type="ACTION" value="ce4f464f-dbdc-4d00-8911-cd45e3e9c108"/>
<objectids-entry key="Default zone¤Population1¤MyDemo1" objectid="15" type="ACTION" value="e887f9a6-ab9e-4204-816d-bcc37c2958a3"/>
<objectids-entry key="Default zone¤Population1¤MyDemo1" objectid="16" type="ACTION" value="f616ea2c-6b6e-4e4f-af82-619d40e092ab"/>
<objectids-entry key="Default zone¤Population1¤MyDemo1" objectid="17" type="ACTION" value="db1c7f80-6d2b-47c4-9727-7798f5280f3d"/>
<objectids-entry key="Default zone¤Population1¤MyDemo1" objectid="18" type="ACTION" value="56ec42ba-4ee2-4a48-9b4a-17349c784d61"/>
<objectids-entry key="Default zone¤Population1¤MyDemo1" objectid="19" type="ACTION" value="a8abb7bc-5ed5-4c9d-ba90-a1f64b77ddf6"/>
<objectids-entry key="Default zone¤Population1¤MyDemo1" objectid="20" type="ACTION" value="65cd97e0-a336-448f-900a-18b0eb2b6036"/>
<objectids-entry key="Default zone¤Population1¤MyDemo1" objectid="21" type="ACTION" value="6422bea4-2e07-4620-9c42-5eda4a760b49"/>
<objectids-entry key="Default zone¤Population1¤MyDemo1" objectid="22" type="ACTION" value="d27a80af-a975-423f-9778-1469c320e266"/>
<objectids-entry key="Default zone¤Population1¤MyDemo1" objectid="23" type="ACTION" value="352da0ba-a17e-449e-a5e6-e19a96fbf464"/>
<objectids-entry key="Default zone¤Population1¤MyDemo1" objectid="24" type="ACTION" value="b06c8b68-69eb-44b0-bb91-51c7e0b4aaea"/>
<objectids-entry key="Default zone¤Population1¤MyDemo1" objectid="25" type="ACTION" value="c14afae5-58bc-4c60-815d-a8ca03f761b4"/>
<objectids-entry key="Default zone¤Population1¤MyDemo1" objectid="26" type="ACTION" value="7017ed76-7c1b-4de2-b1ac-9e7b05e80fe3"/>
<objectids-entry key="Default zone¤Population1¤MyDemo1" objectid="27" type="ACTION" value="7c802b1f-6440-4713-aaaa-776472475fd9"/>
<objectids-entry key="Default zone¤Population1¤MyDemo1" objectid="28" type="ACTION" value="cfe02e64-4ced-4843-a871-44224dbc4790"/>
<objectids-entry key="Default zone¤Population1¤MyDemo1" objectid="29" type="ACTION" value="54ca95e4-e574-4124-99e2-d4a8b6cf5de8"/>
<objectids-entry key="Default zone¤Population1¤MyDemo1" objectid="30" type="ACTION" value="4aff2a69-10cc-4694-8fd4-66d91f1afc40"/>
<objectids-entry key="Default zone¤Population1¤MyDemo1" objectid="31" type="ACTION" value="a9a226fd-a653-4579-b01c-01cd3aa84a45"/>
<objectids-entry key="Default zone¤Population1¤MyDemo1" objectid="32" type="BASIC_LOGICAL_CONTAINER" value="$parent=MyDemo1;$index=1"/>
<objectids-entry key="Default zone¤Population1¤MyDemo1" objectid="33" type="BASIC_LOGICAL_CONTAINER" value="b003b3e3-ab7d-4510-94e4-21e9fe613949"/>
<objectids-entry key="Default zone¤Population1¤MyDemo1" objectid="34" type="HTTP_PAGE" value="db9edbad-aa64-4686-bef4-8343e3499578"/>
<objectids-entry key="Default zone¤Population1¤MyDemo1" objectid="35" type="ACTION" value="a9cc5a3e-bef0-4193-8911-9e90193311cf"/>
<objectids-entry key="Default zone¤Population1¤MyDemo1" objectid="36" type="ACTION" value="1861b41c-28c6-4b3c-97de-f84985c6eb05"/>
<objectids-entry key="Default zone¤Population1¤MyDemo1" objectid="37" type="ACTION" value="29886777-0c94-4a5a-8a12-800870b2f4ff"/>
<objectids-entry key="Default zone¤Population1¤MyDemo1" objectid="38" type="ACTION" value="5ca8c76d-379e-4589-8436-2aa7a7fdf095"/>
<objectids-entry key="Default zone¤Population1¤MyDemo1" objectid="39" type="ACTION" value="86f11746-8033-4a02-9e6d-f6f6d4a9a648"/>
<objectids-entry key="Default zone¤Population1¤MyDemo1" objectid="40" type="ACTION" value="f13090f1-8dbb-4809-8a2e-d330d2ca441a"/>
<objectids-entry key="Default zone¤Population1¤MyDemo1" objectid="41" type="ACTION" value="5e540ad7-14f5-4772-b93c-7e59e4004216"/>
<objectids-entry key="Default zone¤Population1¤MyDemo1" objectid="42" type="ACTION" value="c1867427-afdd-4432-b8ca-8dfea779c0f5"/>
<objectids-entry key="Default zone¤Population1¤MyDemo1" objectid="43" type="ACTION" value="44cdf30b-e052-41fb-b4b9-f9d3d421da7c"/>
<objectids-entry key="Default zone¤Population1¤MyDemo1" objectid="44" type="ACTION" value="2f866767-d805-4684-8e7a-60bbc0a9570a"/>
<objectids-entry key="Default zone¤Population1¤MyDemo1" objectid="45" type="ACTION" value="29f1ed04-492d-4c6b-a053-3c14edeec414"/>
<objectids-entry key="Default zone¤Population1¤MyDemo1" objectid="46" type="HTTP_PAGE" value="4e6720cb-e9ac-4169-a35e-3c6def4d13b1"/>
<objectids-entry key="Default zone¤Population1¤MyDemo1" objectid="47" type="ACTION" value="8c145c6a-2a95-4e88-9c4b-0f11aeab69dd"/>
<objectids-entry key="Default zone¤Population1¤MyDemo1" objectid="48" type="ACTION" value="5ffe90a2-7649-4a6a-86b3-dce369ca838d"/>
<objectids-entry key="Default zone¤Population1¤MyDemo1" objectid="49" type="ACTION" value="16d2521d-aed0-47ce-91c9-60d2ed96b7b1"/>
<objectids-entry key="Default zone¤Population1¤MyDemo1" objectid="50" type="ACTION" value="05c270db-74ae-4abf-841a-c8053b785186"/>
<objectids-entry key="Default zone¤Population1¤MyDemo1" objectid="51" type="ACTION" value="60f7ba8c-d7d9-4961-bcff-41d109ee9453"/>
<objectids-entry key="Default zone¤Population1¤MyDemo1" objectid="52" type="ACTION" value="c23e84a9-84ec-45dc-bbe8-3623550aca22"/>
<objectids-entry key="Default zone¤Population1¤MyDemo1" objectid="53" type="ACTION" value="0488c642-0489-4196-b347-d7dfcf82bf62"/>
<objectids-entry key="Default zone¤Population1¤MyDemo1" objectid="54" type="ACTION" value="beb02c08-430d-4730-b45e-4aba8a083f5d"/>
<objectids-entry key="Default zone¤Population1¤MyDemo1" objectid="55" type="ACTION" value="3b756396-869e-4388-b7bc-82ed45ac081b"/>
<objectids-entry key="Default zone¤Population1¤MyDemo1" objectid="56" type="ACTION" value="4d18c9a4-5a94-44d6-b4cf-2037e8e8c9bd"/>
<objectids-entry key="Default zone¤Population1¤MyDemo1" objectid="57" type="ACTION" value="21858d54-e833-44b4-93bc-6945fbee0097"/>
<objectids-entry key="Default zone¤Population1¤MyDemo1" objectid="58" type="BASIC_LOGICAL_CONTAINER" value="$parent=MyDemo1;$index=2"/>
<objectids-entry key="Default zone¤Population1¤MyDemo1" objectid="59" type="BASIC_LOGICAL_CONTAINER" value="65b7a7f0-f509-4085-a324-4bce2ada42d2"/>
<objectids-entry key="Default zone¤Population1¤MyDemo1" objectid="60" type="HTTP_PAGE" value="dc91b994-1080-419f-a5af-80c99674cc9f"/>
<objectids-entry key="Default zone¤Population1¤MyDemo1" objectid="61" type="ACTION" value="e2f3fd51-b5a6-46ee-808b-a7b282255b95"/>
<objectids-entry key="Default zone¤Population1¤MyDemo1" objectid="62" type="ACTION" value="1489a314-33bf-41aa-bad7-ce2d017443d9"/>
<objectids-entry key="Default zone¤Population1¤MyDemo1" objectid="63" type="ACTION" value="0deb7674-2961-47e1-b6d1-943f662ad9a5"/>
<objectids-entry key="Default zone¤Population1¤MyDemo1" objectid="64" type="ACTION" value="fdc1a2a7-1ee8-4cf1-adaf-ad1411d2bda2"/>
<objectids-entry key="Default zone¤Population1¤MyDemo1" objectid="65" type="ACTION" value="91b6d2a8-8623-4865-b1aa-672677bf6424"/>
<objectids-entry key="Default zone¤Population1¤MyDemo1" objectid="66" type="ACTION" value="4454ded7-331a-42fe-948a-ca7f33e0d8ca"/>
<objectids-entry key="Default zone¤Population1¤MyDemo1" objectid="67" type="ACTION" value="0992391e-85d7-4cde-b188-3200a1663bcd"/>
<objectids-entry key="Default zone¤Population1¤MyDemo1" objectid="68" type="ACTION" value="240195cf-34b5-4da9-9ee4-b370d9a0fc59"/>
<objectids-entry key="Default zone¤Population1¤MyDemo1" objectid="69" type="ACTION" value="497cfe22-9d4d-4717-8ea5-0b3ebac52f5d"/>
<objectids-entry key="Default zone¤Population1¤MyDemo1" objectid="70" type="ACTION" value="f9ab4bf7-3eb5-492e-85dd-be8720a980ac"/>
<objectids-entry key="Default zone¤Population1¤MyDemo1" objectid="71" type="ACTION" value="b45c83b5-8efd-488e-99fb-e19ad03ede91"/>
<objectids-entry key="Default zone¤Population1¤MyDemo1" objectid="72" type="ACTION" value="031c5e53-8726-4e17-b2f8-95939cf869c6"/>
<objectids-entry key="Default zone¤Population1¤MyDemo1" objectid="73" type="ACTION" value="2ae8b1c5-4433-43a7-b671-38acdea84ccf"/>
<objectids-entry key="Default zone¤Population1¤MyDemo1" objectid="74" type="ACTION" value="f5331a9c-2aab-4043-911e-8a8dc8eb207f"/>
<objectids-entry key="Default zone¤Population1¤MyDemo1" objectid="75" type="ACTION" value="0f2e213c-f2d3-455f-828d-70e7b8cb0bce"/>
<objectids-entry key="Default zone¤Population1¤MyDemo1" objectid="76" type="ACTION" value="a28d63dd-a0d3-4981-9c48-050e2a52ec96"/>
<objectids-entry key="Default zone¤Population1¤MyDemo1" objectid="77" type="ACTION" value="65d4c47c-f7ce-4af2-946a-d26a643c2dc3"/>
<objectids-entry key="Default zone¤Population1¤MyDemo1" objectid="78" type="ACTION" value="4df16261-edc4-41b5-8c13-1ebbfc747fed"/>
<objectids-entry key="Default zone¤Population1¤MyDemo1" objectid="79" type="ACTION" value="6d085aa3-dc41-4ec6-a6ea-a1a30e40bb9d"/>
<objectids-entry key="Default zone¤Population1¤MyDemo1" objectid="80" type="ACTION" value="8a540ae8-625d-4b6f-af12-18250d9d1a65"/>
<objectids-entry key="Default zone¤Population1¤MyDemo1" objectid="81" type="ACTION" value="4aee5838-8058-4c5a-99bf-61ae4f6a30be"/>
<objectids-entry key="¤¤" objectid="82" type="MONITORED_HOST" value="NeoLoad"/>
<objectids-entry key="¤¤" objectid="83" type="MONITORCONNECTION" value="NeoLoad$NeoLoad"/>
<objectids-entry key="¤¤" objectid="84" type="MONITOR" value="NeoLoad$NeoLoad$UserLoad"/>
<objectids-entry key="¤¤" objectid="85" type="MONITOR" value="NeoLoad$NeoLoad$throughput"/>
<objectids-entry key="¤¤" objectid="86" type="MONITOR" value="NeoLoad$NeoLoad$Alerts"/>
<objectids-entry key="¤¤" objectid="87" type="MONITOR" value="NeoLoad$NeoLoad$CriticalAlerts"/>
<objectids-entry key="¤¤" objectid="88" type="MONITOR" value="NeoLoad$NeoLoad$WarningAlerts"/>
<objectids-entry key="¤¤" objectid="89" type="MONITOR" value="NeoLoad$NeoLoad$cpu"/>
<objectids-entry key="¤¤" objectid="90" type="THRESHOLD" value="NeoLoad$NeoLoad$cf31bf66-134e-4456-84ec-4d3f1aa09784"/>
<objectids-entry key="¤¤" objectid="91" type="MONITOR" value="NeoLoad$NeoLoad$memory"/>
<objectids-entry key="¤¤" objectid="92" type="THRESHOLD" value="NeoLoad$NeoLoad$662a7350-7adb-4c03-8c6e-8e852e6bfe44"/>
<objectids-entry key="¤¤" objectid="93" type="MONITOR" value="NeoLoad$NeoLoad$threadcount"/>
<objectids-entry key="¤¤" objectid="94" type="MONITOR" value="NeoLoad$NeoLoad$connectedlg"/>
<objectids-entry key="¤¤" objectid="95" type="MONITOR" value="NeoLoad$NeoLoad$totallgdisconnections"/>
<objectids-entry key="¤¤" objectid="96" type="THRESHOLD" value="NeoLoad$NeoLoad$114fe1a4-6b92-45cd-81a5-010529685a17"/>
<objectids-entry key="¤¤" objectid="97" type="MONITOR" value="NeoLoad$NeoLoad$totallgreconnections"/>
<objectids-entry key="¤¤" objectid="98" type="MONITOR" value="NeoLoad$NeoLoad$otcp.NeoLoad"/>
<objectids-entry key="¤¤" objectid="99" type="MONITOR" value="NeoLoad$NeoLoad$tcp.NeoLoad"/>
<objectids-entry key="¤¤" objectid="100" type="MONITOR" value="NeoLoad$NeoLoad$ibytesperinterface~NeoLoad~wlan0"/>
<objectids-entry key="¤¤" objectid="101" type="MONITOR" value="NeoLoad$NeoLoad$obytesperinterface~NeoLoad~wlan0"/>
<objectids-entry key="¤¤" objectid="102" type="MONITOR" value="NeoLoad$NeoLoad$ibytesperinterface~NeoLoad~eth0"/>
<objectids-entry key="¤¤" objectid="103" type="MONITOR" value="NeoLoad$NeoLoad$obytesperinterface~NeoLoad~eth0"/>
<objectids-entry key="¤¤" objectid="104" type="MONITOR" value="NeoLoad$NeoLoad$ibytesperinterface~NeoLoad~wlan2"/>
<objectids-entry key="¤¤" objectid="105" type="MONITOR" value="NeoLoad$NeoLoad$obytesperinterface~NeoLoad~wlan2"/>
<objectids-entry key="¤¤" objectid="106" type="MONITOR" value="NeoLoad$NeoLoad$nlwebdownload"/>
<objectids-entry key="¤¤" objectid="107" type="MONITOR" value="NeoLoad$NeoLoad$nlwebupload"/>
<objectids-entry key="¤¤" objectid="108" type="MONITOR" value="NeoLoad$NeoLoad$SapUserLoad"/>
<objectids-entry key="¤¤" objectid="109" type="MONITOR" value="NeoLoad$NeoLoad$zoneuserload~Default zone"/>
<objectids-entry key="¤¤" objectid="110" type="MONITOR" value="NeoLoad$NeoLoad$zoneuserloadperpopulation~Default zone~Population1"/>
<objectids-entry key="¤¤" objectid="111" type="MONITOR" value="NeoLoad$NeoLoad$zoneuserloadperpopulation~Default zone~Population1~MyDemo1"/>
<objectids-entry key="¤¤" objectid="112" type="MONITOR" value="NeoLoad$NeoLoad$zoneuserload~Zone"/>
<objectids-entry key="¤¤" objectid="113" type="MONITORED_HOST" value="LG localhost:7100"/>
<objectids-entry key="¤¤" objectid="114" type="MONITORCONNECTION" value="LG localhost:7100$NeoLoad"/>
<objectids-entry key="¤¤" objectid="115" type="MONITOR" value="LG localhost:7100$NeoLoad$lgcpu.localhost:7100"/>
<objectids-entry key="¤¤" objectid="116" type="THRESHOLD" value="LG localhost:7100$NeoLoad$aa7d7f78-c3c1-46a9-a1c6-84fd1bd3894b"/>
<objectids-entry key="¤¤" objectid="117" type="MONITOR" value="LG localhost:7100$NeoLoad$lgmemory.localhost:7100"/>
<objectids-entry key="¤¤" objectid="118" type="THRESHOLD" value="LG localhost:7100$NeoLoad$287c3d42-4283-4b4d-b77a-0a2e2bb0757d"/>
<objectids-entry key="¤¤" objectid="119" type="MONITOR" value="LG localhost:7100$NeoLoad$lgthroughput.localhost:7100"/>
<objectids-entry key="¤¤" objectid="120" type="MONITOR" value="LG localhost:7100$NeoLoad$lguserloadperpopulation~localhost:7100"/>
<objectids-entry key="¤¤" objectid="121" type="MONITOR" value="LG localhost:7100$NeoLoad$lgthreadcount.localhost:7100"/>
<objectids-entry key="¤¤" objectid="122" type="MONITOR" value="LG localhost:7100$NeoLoad$lg.jetty.httpclient.threadpool.used.localhost:7100"/>
<objectids-entry key="¤¤" objectid="123" type="MONITOR" value="LG localhost:7100$NeoLoad$lg.jetty.httpclient.taskpool.used.localhost:7100"/>
<objectids-entry key="¤¤" objectid="124" type="THRESHOLD" value="LG localhost:7100$NeoLoad$e35cbbc2-c1cc-4789-af07-82f67b71e77a"/>
<objectids-entry key="¤¤" objectid="125" type="MONITOR" value="LG localhost:7100$NeoLoad$lgdisconnections.localhost:7100"/>
<objectids-entry key="¤¤" objectid="126" type="MONITOR" value="LG localhost:7100$NeoLoad$lgreconnections.localhost:7100"/>
<objectids-entry key="¤¤" objectid="127" type="MONITOR" value="LG localhost:7100$NeoLoad$lgping.localhost:7100"/>
<objectids-entry key="¤¤" objectid="128" type="MONITOR" value="LG localhost:7100$NeoLoad$lgotcp.localhost:7100"/>
<objectids-entry key="¤¤" objectid="129" type="MONITOR" value="LG localhost:7100$NeoLoad$lgtcp.localhost:7100"/>
<objectids-entry key="¤¤" objectid="130" type="MONITOR" value="LG localhost:7100$NeoLoad$lgibytesperinterface~localhost:7100~wlan0"/>
<objectids-entry key="¤¤" objectid="131" type="MONITOR" value="LG localhost:7100$NeoLoad$lgobytesperinterface~localhost:7100~wlan0"/>
<objectids-entry key="¤¤" objectid="132" type="MONITOR" value="LG localhost:7100$NeoLoad$lgibytesperinterface~localhost:7100~eth0"/>
<objectids-entry key="¤¤" objectid="133" type="MONITOR" value="LG localhost:7100$NeoLoad$lgobytesperinterface~localhost:7100~eth0"/>
<objectids-entry key="¤¤" objectid="134" type="MONITOR" value="LG localhost:7100$NeoLoad$lgibytesperinterface~localhost:7100~wlan2"/>
<objectids-entry key="¤¤" objectid="135" type="MONITOR" value="LG localhost:7100$NeoLoad$lgobytesperinterface~localhost:7100~wlan2"/>
</objectids-table>
<!--****** DURATION ******-->
<duration value="0"/>
<!--****** AGGREGATION PERIOD ******-->
<aggregation-period value="1000"/>
<!--****** EXTENDED STATISTICS ******-->
<truncated-mean centered-interval="true" percentage="90"/>
<percentile percentage="50"/>
</project>
